id,nombre,edad
1,Ana,20
2,Luis,22
3,Carlos,24
4,Juan,19
5,Andres,11
6,Pablo,54
7,Cristina,40
8,Anny,9
9,Fernando,33
10,Pedro,34
1,Ana,20
2,Luis,22
3,Carlos,24
4,Juan,19
5,Andres,11
6,Pablo,54
7,Cristina,40
8,Anny,9
9,Fernando,33
10,Pedro,34
1,Ana,20
2,Luis,22
3,Carlos,24
4,Juan,19
5,Andres,11
6,Pablo,54
7,Cristina,40
8,Anny,9
9,Fernando,33
10,Pedro,34
1,Ana,20
2,Luis,22
3,Carlos,24
4,Juan,19
5,Andres,11
6,Pablo,54
7,Cristina,40
8,Anny,9
9,Fernando,33
10,Pedro,34
1,Ana,20
2,Luis,22
3,Carlos,24
4,Juan,19
5,Andres,11
6,Pablo,54
7,Cristina,40
8,Anny,9
9,Fernando,33
10,Pedro,34
1,Ana,20
2,Luis,22
3,Carlos,24
4,Juan,19
5,Andres,11
6,Pablo,54
7,Cristina,40
8,Anny,9
9,Fernando,33
10,Pedro,34
1,Ana,20
2,Luis,22
3,Carlos,24
4,Juan,19
5,Andres,11
6,Pablo,54
7,Cristina,40
8,Anny,9
9,Fernando,33
10,Pedro,34
1,Ana,20
2,Luis,22
3,Carlos,24
4,Juan,19
5,Andres,11
6,Pablo,54
7,Cristina,40
8,Anny,9
9,Fernando,33
10,Pedro,34
1,Ana,20
2,Luis,22
3,Carlos,24
4,Juan,19
5,Andres,11
6,Pablo,54
7,Cristina,40
8,Anny,9
9,Fernando,33
10,Pedro,34
1,Ana,20
2,Luis,22
3,Carlos,24
4,Juan,19
5,Andres,11
6,Pablo,54
7,Cristina,40
8,Anny,9
9,Fernando,33
10,Pedro,34
1,Ana,20
2,Luis,22
3,Carlos,24
4,Juan,19
5,Andres,11
6,Pablo,54
7,Cristina,40
8,Anny,9
9,Fernando,33
10,Pedro,34
1,Ana,20
2,Luis,22
3,Carlos,24
4,Juan,19
5,Andres,11
6,Pablo,54
7,Cristina,40
8,Anny,9
9,Fernando,33
10,Pedro,34
1,Ana,20
2,Luis,22
3,Carlos,24
4,Juan,19
5,Andres,11
6,Pablo,54
7,Cristina,40
8,Anny,9
9,Fernando,33
10,Pedro,34
1,Ana,20
2,Luis,22
3,Carlos,24
4,Juan,19
5,Andres,11
6,Pablo,54
7,Cristina,40
8,Anny,9
9,Fernando,33
10,Pedro,34
1,Ana,20
2,Luis,22
3,Carlos,24
4,Juan,19
5,Andres,11
6,Pablo,54
7,Cristina,40
8,Anny,9
9,Fernando,33
10,Pedro,34
1,Ana,20
2,Luis,22
3,Carlos,24
4,Juan,19
5,Andres,11
6,Pablo,54
7,Cristina,40
8,Anny,9
9,Fernando,33
10,Pedro,34
1,Ana,20
2,Luis,22
3,Carlos,24
4,Juan,19
5,Andres,11
6,Pablo,54
7,Cristina,40
8,Anny,9
9,Fernando,33
10,Pedro,34
1,Ana,20
2,Luis,22
3,Carlos,24
4,Juan,19
5,Andres,11
6,Pablo,54
7,Cristina,40
8,Anny,9
9,Fernando,33
10,Pedro,34
1,Ana,20
2,Luis,22
3,Carlos,24
4,Juan,19
5,Andres,11
6,Pablo,54
7,Cristina,40
8,Anny,9
9,Fernando,33
10,Pedro,34
1,Ana,20
2,Luis,22
3,Carlos,24
4,Juan,19
5,Andres,11
6,Pablo,54
7,Cristina,40
8,Anny,9
9,Fernando,33
10,Pedro,34
1,Ana,20
2,Luis,22
3,Carlos,24
4,Juan,19
5,Andres,11
6,Pablo,54
7,Cristina,40
8,Anny,9
9,Fernando,33
10,Pedro,34
1,Ana,20
2,Luis,22
3,Carlos,24
4,Juan,19
5,Andres,11
6,Pablo,54
7,Cristina,40
8,Anny,9
9,Fernando,33
10,Pedro,34
1,Ana,20
2,Luis,22
3,Carlos,24
4,Juan,19
5,Andres,11
6,Pablo,54
7,Cristina,40
8,Anny,9
9,Fernando,33
10,Pedro,34
